state	expected_discomfort
exposed-1	3.1318741331953337
exposed-2	3.9543865318856746
exposed-3	4.992912287800223
recovered	-0.0
symptoms-1	6.304182181624894
symptoms-2	4.832942524581404
symptoms-3	1.6286644951138014
