state	expected_discomfort
exposed-1	3.4133333333333327
exposed-2	4.266666666666666
exposed-3	5.333333333333332
recovered	-0.0
symptoms-1	6.666666666666665
symptoms-2	4.999999999999999
symptoms-3	1.6666666666666665
