state	expected_discomfort
exposed-1	0.6793567902561761
exposed-2	1.3724379601488497
exposed-3	2.7726019397487627
recovered	-0.0
symptoms-1	5.601216039979291
symptoms-2	4.312376284272185
symptoms-3	1.4563106796112328
