state	speed_discomfort	minimize_discomfort
exposed-1	0.7646177082796621	0.6793567902561761
exposed-2	1.5446822389891757	1.3724379601488497
exposed-3	3.1205701798340235	2.7726019397487627
recovered	-0.0	-0.0
symptoms-1	6.304182181565938	5.601216039979291
symptoms-2	4.832942524578113	4.312376284272185
symptoms-3	1.6286644951137106	1.4563106796112328
